"time","n.risk","n.event","surv","stderr","low_ci","upp_ci"
0.10403832991102,2981,1,0.999664542099966,0.000335401629312688,0.95,NA
0.123203285420945,2980,1,0.999329084199933,0.000474249940846164,0.95,NA
0.136892539356605,2978,1,0.998993513654533,0.000580802685798764,0.95,NA
0.175222450376454,2977,2,0.998322372563734,0.000749628267818556,0.95,NA
0.194387405886379,2974,1,0.997986689183585,0.000821103003371481,0.95,NA
0.202600958247775,2973,1,0.997651005803436,0.00088679315089572,0.95,NA
0.205338809034908,2972,1,0.997315322423287,0.000947902099851208,0.95,NA
0.20807665982204,2971,1,0.996979639043137,0.0010052656551509,0.95,NA
0.210814510609172,2970,2,0.996308272282839,0.00111104157202325,0.95,NA
0.213552361396304,2968,1,0.99597258890269,0.00116027025540525,0.95,NA
0.216290212183436,2967,1,0.995636905522541,0.00120746225799786,0.95,NA
0.227241615331964,2966,1,0.995301222142391,0.0012528477527207,0.95,NA
0.235455167693361,2965,1,0.994965538762242,0.00129661645315884,0.95,NA
0.254620123203285,2963,2,0.994293945418494,0.00137996810402991,0.95,NA
0.262833675564682,2961,1,0.993958148746621,0.00141977013841202,0.95,NA
0.265571526351814,2960,1,0.993622352074747,0.00145846041943491,0.95,NA
0.268309377138946,2959,1,0.993286555402873,0.00149612520048797,0.95,NA
0.276522929500342,2957,2,0.992614734939293,0.00156872000394838,0.95,NA
0.281998631074606,2954,1,0.992278710993816,0.00160377381995202,0.95,NA
0.287474332648871,2953,1,0.991942687048339,0.00163805451601959,0.95,NA
0.290212183436003,2952,1,0.991606663102862,0.00167160965732251,0.95,NA
0.295687885010267,2951,1,0.991270639157385,0.00170448209511529,0.95,NA
0.31211498973306,2949,1,0.99093450126686,0.00173673244303046,0.95,NA
0.317590691307324,2948,1,0.990598363376335,0.00176837325936737,0.95,NA
0.320328542094456,2946,1,0.990262111386052,0.00179945780450884,0.95,NA
0.328542094455852,2944,1,0.989925745179738,0.00183001442506915,0.95,NA
0.331279945242984,2943,1,0.989589378973425,0.00186004867839303,0.95,NA
0.334017796030116,2942,1,0.989253012767112,0.00188958547313932,0.95,NA
0.350444900752909,2939,1,0.988916417662393,0.00191868747540823,0.95,NA
0.353182751540041,2938,3,0.987906632348239,0.00200334447900553,0.95,NA
0.355920602327173,2935,1,0.98757003724352,0.00203074183056875,0.95,NA
0.364134154688569,2934,1,0.987233442138802,0.00205775591154517,0.95,NA
0.366872005475702,2933,1,0.986896847034084,0.00208440162367863,0.95,NA
0.375085557837098,2932,2,0.986223656824647,0.00213664287798336,0.95,NA
0.37782340862423,2930,1,0.985887061719929,0.00216226379287656,0.95,NA
0.383299110198494,2929,1,0.98555046661521,0.00218756722414431,0.95,NA
0.388774811772758,2928,1,0.985213871510492,0.00221256406427782,0.95,NA
0.402464065708419,2927,1,0.984877276405774,0.00223726458988076,0.95,NA
0.413415468856947,2926,2,0.984204086196337,0.00228581500629179,0.95,NA
0.416153319644079,2924,1,0.983867491091619,0.0023096827778382,0.95,NA
0.421629021218344,2923,1,0.9835308959869,0.0023332900706328,0.95,NA
0.424366872005476,2922,1,0.983194300882182,0.00235664471259511,0.95,NA
0.438056125941136,2921,1,0.982857705777464,0.0023797541421981,0.95,NA
0.4435318275154,2919,1,0.982520995360959,0.00240264130764592,0.95,NA
0.446269678302533,2918,1,0.982184284944454,0.00242529676090393,0.95,NA
0.454483230663929,2916,1,0.981847459057985,0.00244774253214806,0.95,NA
0.457221081451061,2915,2,0.981173807285046,0.00249198163417081,0.95,NA
0.459958932238193,2913,2,0.980500155512108,0.00253538866992522,0.95,NA
0.462696783025325,2911,1,0.980163329625639,0.00255679343794116,0.95,NA
0.468172484599589,2910,1,0.979826503739169,0.00257800566937088,0.95,NA
0.470910335386721,2909,1,0.9794896778527,0.0025990300784357,0.95,NA
0.473648186173854,2907,1,0.979152736099053,0.00261988577344689,0.95,NA
0.479123887748118,2906,1,0.978815794345405,0.00264056226475519,0.95,NA
0.48186173853525,2904,1,0.978478736564984,0.00266107810523847,0.95,NA
0.484599589322382,2903,4,0.977130505443296,0.00274146698444261,0.95,NA
0.490075290896646,2899,1,0.976793447662874,0.00276116386528634,0.95,NA
0.49555099247091,2898,1,0.976456389882452,0.00278070745788654,0.95,NA
0.498288843258042,2897,2,0.975782274321608,0.00281934750443036,0.95,NA
0.509240246406571,2895,3,0.974771100980342,0.00287623460645875,0.95,NA
0.514715947980835,2891,1,0.974433926611272,0.002894935343459,0.95,NA
0.517453798767967,2890,3,0.973422403504063,0.00295024846804127,0.95,NA
0.53388090349076,2887,1,0.973085229134994,0.00296843131614615,0.95,NA
0.539356605065024,2886,1,0.972748054765924,0.00298649062700598,0.95,NA
0.544832306639288,2884,1,0.972410763484799,0.00300444138762975,0.95,NA
0.553045859000684,2883,1,0.972073472203673,0.00302227283492185,0.95,NA
0.555783709787817,2882,2,0.971398889641422,0.00305758612539411,0.95,NA
0.561259411362081,2880,2,0.970724307079171,0.00309244656246191,0.95,NA
0.563997262149213,2878,2,0.97004972451692,0.00312686929230281,0.95,NA
0.566735112936345,2876,1,0.969712433235795,0.00314392101707759,0.95,NA
0.569472963723477,2875,2,0.969037850673544,0.00317771375269421,0.95,NA
0.572210814510609,2873,1,0.968700559392418,0.00319445805044076,0.95,NA
0.580424366872005,2872,2,0.968025976830167,0.00322765039486023,0.95,NA
0.588637919233402,2870,2,0.967351394267916,0.00326045777596352,0.95,NA
0.591375770020534,2868,1,0.967014102986791,0.00327672072402955,0.95,NA
0.594113620807666,2867,3,0.966002229143414,0.00332496309597444,0.95,NA
0.596851471594798,2864,1,0.965664937862289,0.00334086611315384,0.95,NA
0.59958932238193,2863,1,0.965327646581163,0.00335668235508565,0.95,NA
0.602327173169062,2862,1,0.964990355300038,0.00337241304266886,0.95,NA
0.610540725530459,2861,1,0.964653064018912,0.00338805936758473,0.95,NA
0.616016427104723,2860,2,0.963978481456661,0.00341910355584588,0.95,NA
0.618754277891855,2858,1,0.963641190175536,0.00343450366501501,0.95,NA
0.621492128678987,2857,2,0.962966607613285,0.00346506533492468,0.95,NA
0.626967830253251,2855,2,0.962292025051034,0.00349531588380446,0.95,NA
0.632443531827515,2853,2,0.961617442488783,0.00352526332092211,0.95,NA
0.635181382614648,2851,1,0.961280151207657,0.00354012577950477,0.95,NA
0.643394934976044,2850,1,0.960942859926532,0.00355491530673879,0.95,NA
0.65160848733744,2849,2,0.960268277364281,0.00358427917388094,0.95,NA
0.654346338124572,2847,2,0.95959369480203,0.00361336194651621,0.95,NA
0.657084188911704,2844,1,0.959256284923408,0.0036278106154921,0.95,NA
0.659822039698836,2843,1,0.958918875044785,0.00364219141940615,0.95,NA
0.662559890485969,2842,4,0.957569235530296,0.00369905175878898,0.95,NA
0.665297741273101,2838,1,0.957231825651673,0.00371310493115711,0.95,NA
0.670773442847365,2837,2,0.956557005894429,0.00374102210178833,0.95,NA
0.673511293634497,2835,4,0.955207366379939,0.00379611915765499,0.95,NA
0.676249144421629,2831,2,0.954532546622694,0.0038233096677978,0.95,NA
0.687200547570157,2828,3,0.953519959055556,0.00386369189509052,0.95,NA
0.692676249144422,2825,1,0.95318242986651,0.00387703933167902,0.95,NA
0.698151950718686,2824,2,0.952507371488417,0.0039035677366254,0.95,NA
0.700889801505818,2822,1,0.952169842299371,0.00391674983248375,0.95,NA
0.70362765229295,2821,1,0.951832313110325,0.00392987792579453,0.95,NA
0.706365503080082,2820,2,0.951157254732232,0.00395597425308347,0.95,NA
0.709103353867214,2818,2,0.95048219635414,0.00398186092331956,0.95,NA
0.711841204654346,2816,3,0.949469608787001,0.00402030667196687,0.95,NA
0.714579055441478,2812,1,0.949131959566238,0.00403303094419887,0.95,NA
0.733744010951403,2810,1,0.948794190185609,0.00404571519722533,0.95,NA
0.739219712525667,2809,1,0.948456420804981,0.0040583503096162,0.95,NA
0.7419575633128,2808,1,0.948118651424352,0.00407093673893018,0.95,NA
0.744695414099932,2807,1,0.947780882043723,0.00408347493533249,0.95,NA
0.750171115674196,2806,1,0.947443112663095,0.00409596534176176,0.95,NA
0.758384668035592,2805,1,0.947105343282466,0.00410840839409205,0.95,NA
0.761122518822724,2804,2,0.946429804521209,0.00413315414556896,0.95,NA
0.763860369609856,2802,3,0.945416496379324,0.00416992812479101,0.95,NA
0.766598220396988,2799,1,0.945078726998695,0.00418209582954545,0.95,NA
0.774811772758385,2798,1,0.944740957618066,0.00419421904618576,0.95,NA
0.780287474332649,2797,1,0.944403188237438,0.00420629815937732,0.95,NA
0.783025325119781,2796,3,0.943389880095552,0.00424227463868238,0.95,NA
0.788501026694045,2793,1,0.943052110714924,0.00425418107059771,0.95,NA
0.793976728268309,2792,1,0.942714341334295,0.00426604523782434,0.95,NA
0.799452429842574,2791,1,0.942376571953667,0.00427786749201084,0.95,NA
0.804928131416838,2790,2,0.941701033192409,0.00430138764240158,0.95,NA
0.813141683778234,2788,1,0.941363263811781,0.00431308621675563,0.95,NA
0.82135523613963,2785,1,0.941025251867863,0.00432476206773904,0.95,NA
0.824093086926763,2784,2,0.940349227980027,0.00434799305971909,0.95,NA
0.826830937713895,2781,2,0.939672961005572,0.00437108290522964,0.95,NA
0.829568788501027,2779,1,0.939334827518344,0.00438256897472679,0.95,NA
0.835044490075291,2778,1,0.938996694031116,0.0043940162193193,0.95,NA
0.837782340862423,2777,1,0.938658560543889,0.00440542494166006,0.95,NA
0.845995893223819,2776,1,0.938320427056661,0.00441679544026167,0.95,NA
0.848733744010951,2775,1,0.937982293569433,0.00442812800957563,0.95,NA
0.856947296372348,2774,3,0.93696789310775,0.00446190102699974,0.95,NA
0.85968514715948,2771,1,0.936629759620523,0.00447308474512144,0.95,NA
0.862422997946612,2770,1,0.936291626133295,0.00448423194793615,0.95,NA
0.865160848733744,2768,1,0.935953370488016,0.00449535150891828,0.95,NA
0.870636550308008,2767,1,0.935615114842736,0.00450643504251284,0.95,NA
0.87337440109514,2766,1,0.935276859197457,0.00451748281389678,0.95,NA
0.876112251882272,2765,1,0.934938603552178,0.00452849508480787,0.95,NA
0.881587953456537,2764,1,0.934600347906898,0.00453947211360711,0.95,NA
0.887063655030801,2763,2,0.93392383661634,0.00456132146179432,0.95,NA
0.898015058179329,2761,1,0.93358558097106,0.00457219428156183,0.95,NA
0.903490759753593,2760,1,0.933247325325781,0.00458303286009158,0.95,NA
0.908966461327858,2759,2,0.932570814035222,0.00460460825986076,0.95,NA
0.91170431211499,2757,5,0.930879535808825,0.00465796413830348,0.95,NA
0.914442162902122,2752,1,0.930541280163546,0.00466853726391293,0.95,NA
0.917180013689254,2751,1,0.930203024518266,0.00467907822473372,0.95,NA
0.922655715263518,2750,3,0.929188257582428,0.00471051027447617,0.95,NA
0.92539356605065,2747,1,0.928850001937149,0.00472092471935574,0.95,NA
0.930869267624914,2746,2,0.92817349064659,0.0047416604959671,0.95,NA
0.936344969199179,2744,2,0.927496979356031,0.00476227347214024,0.95,NA
0.939082819986311,2742,2,0.926820468065473,0.00478276523562796,0.95,NA
0.941820670773443,2740,1,0.926482212420193,0.00479296614881522,0.95,NA
0.944558521560575,2738,1,0.926143833233773,0.00480314539736567,0.95,NA
0.947296372347707,2737,1,0.925805454047352,0.00481329506715437,0.95,NA
0.952772073921971,2735,1,0.925466951139108,0.00482342337958627,0.95,NA
0.955509924709103,2734,2,0.92478994532262,0.0048435924373775,0.95,NA
0.958247775496235,2732,2,0.924112939506132,0.00486364594863615,0.95,NA
0.960985626283368,2730,1,0.923774436597888,0.00487362982036087,0.95,NA
0.966461327857632,2729,1,0.923435933689644,0.00488358533677178,0.95,NA
0.969199178644764,2727,2,0.922758679612864,0.00490342781005305,0.95,NA
0.974674880219028,2725,1,0.922420052574474,0.00491330713830387,0.95,NA
0.97741273100616,2724,2,0.921742798497694,0.00493298281732897,0.95,NA
0.982888432580424,2721,2,0.921065295521951,0.00495256463461046,0.95,NA
0.985626283367556,2719,1,0.92072654403408,0.00496231481198903,0.95,NA
0.988364134154689,2718,3,0.919710289570466,0.00499140432728742,0.95,NA
0.991101984941821,2715,1,0.919371538082595,0.0050010476804323,0.95,NA
0.996577686516085,2714,1,0.919032786594723,0.00501066471368835,0.95,NA
0.999315537303217,2713,3,0.91801653213111,0.00503935939891547,0.95,NA
1.00205338809035,2709,1,0.917677655596547,0.00504888035163466,0.95,NA
1.00752908966461,2708,3,0.916661025992858,0.00507729008420835,0.95,NA
1.02121834360027,2704,2,0.915983022275407,0.0050961189928596,0.95,NA
1.02669404517454,2702,2,0.915305018557957,0.00511484810906643,0.95,NA
1.02943189596167,2700,3,0.914288012981782,0.00514275705595476,0.95,NA
1.03490759753593,2697,2,0.913610009264331,0.00516124142277216,0.95,NA
1.03764544832307,2695,2,0.912932005546881,0.00517962972720619,0.95,NA
1.04312114989733,2691,4,0.911574990302664,0.00521618191455534,0.95,NA
1.04585900068446,2687,2,0.910896482680556,0.0052343175118989,0.95,NA
1.05133470225873,2683,2,0.91021746927565,0.00525239049051254,0.95,NA
1.05407255304586,2681,2,0.909538455870745,0.00527037177755769,0.95,NA
1.05954825462012,2679,1,0.909198949168292,0.00527932832970962,0.95,NA
1.06228610540726,2678,1,0.90885944246584,0.00528826230835058,0.95,NA
1.06502395619439,2677,1,0.908519935763387,0.005297173827695,0.95,NA
1.06776180698152,2676,1,0.908180429060934,0.00530606300090388,0.95,NA
1.07323750855578,2675,1,0.907840922358481,0.00531492994009836,0.95,NA
1.07597535934292,2674,1,0.907501415656029,0.00532377475637312,0.95,NA
1.07871321013005,2673,3,0.906482895548671,0.00535017756350319,0.95,NA
1.08145106091718,2669,1,0.906143261642508,0.00535894228546913,0.95,NA
1.08418891170431,2668,1,0.905803627736345,0.00536768539276923,0.95,NA
1.08692676249144,2667,2,0.905124359924019,0.00538510718422711,0.95,NA
1.09240246406571,2665,1,0.904784726017856,0.00539378607647001,0.95,NA
1.09514031485284,2664,1,0.904445092111693,0.00540244377024063,0.95,NA
1.09787816563997,2663,2,0.903765824299368,0.00541969596847833,0.95,NA
1.1006160164271,2661,1,0.903426190393205,0.00542829067377371,0.95,NA
1.10335386721424,2660,2,0.902746922580879,0.00544541779221793,0.95,NA
1.1088295687885,2658,2,0.902067654768553,0.00546246250511248,0.95,NA
1.11430527036277,2656,1,0.90172802086239,0.00547095420031203,0.95,NA
1.1170431211499,2655,1,0.901388386956228,0.00547942558146808,0.95,NA
1.12251882272416,2653,1,0.901048625031253,0.00548788388577692,0.95,NA
1.12799452429843,2652,2,0.900369101181305,0.00550474011614081,0.95,NA
1.13073237508556,2650,1,0.900029339256331,0.00551313822680028,0.95,NA
1.13347022587269,2649,3,0.899010053481409,0.00553821363200657,0.95,NA
1.13894592744695,2646,1,0.898670291556435,0.00554653275685012,0.95,NA
1.14715947980835,2645,1,0.898330529631461,0.00555483235739452,0.95,NA
1.14989733059548,2644,2,0.897651005781513,0.00557137333440168,0.95,NA
1.15537303216975,2642,1,0.897311243856538,0.00557961488347191,0.95,NA
1.15811088295688,2641,2,0.89663172000659,0.0055960405289502,0.95,NA
1.16632443531828,2639,1,0.896291958081616,0.00560422479374854,0.95,NA
1.16906228610541,2638,2,0.895612434231668,0.00562053662330606,0.95,NA
1.17180013689254,2636,2,0.89493291038172,0.00563677339942761,0.95,NA
1.17453798767967,2634,1,0.894593148456746,0.00564486384495645,0.95,NA
1.18001368925394,2633,1,0.894253386531772,0.00565293576883517,0.95,NA
1.1854893908282,2631,2,0.89357360440594,0.0056690382056698,0.95,NA
1.18822724161533,2628,2,0.89289356361111,0.00568508120280328,0.95,NA
1.1937029431896,2625,1,0.892553413682116,0.0056930822930369,0.95,NA
1.19644079397673,2624,2,0.891873113824126,0.00570903013672158,0.95,NA
1.19917864476386,2622,1,0.891532963895132,0.00571697704174829,0.95,NA
1.20191649555099,2621,1,0.891192813966137,0.00572490603562876,0.95,NA
1.20465434633812,2620,1,0.890852664037142,0.00573281719268107,0.95,NA
1.21013004791239,2619,1,0.890512514108148,0.00574071058664695,0.95,NA
1.21286789869952,2618,2,0.889832214250158,0.00575644437744175,0.95,NA
1.21834360027379,2616,1,0.889492064321163,0.00576428491892796,0.95,NA
1.22108145106092,2615,1,0.889151914392169,0.0057721079866544,0.95,NA
1.22381930184805,2614,1,0.888811764463174,0.00577991365157286,0.95,NA
1.22655715263518,2613,1,0.88847161453418,0.00578770198409496,0.95,NA
1.22929500342231,2612,4,0.887111014818201,0.00581868337986581,0.95,NA
1.23203285420945,2608,1,0.886770864889206,0.00582638608807236,0.95,NA
1.23477070499658,2606,2,0.886090303979851,0.00584175428480498,0.95,NA
1.24298425735797,2604,1,0.885750023525174,0.00584941312963219,0.95,NA
1.24572210814511,2602,2,0.885069201062818,0.00586469408177922,0.95,NA
1.24845995893224,2600,2,0.884388378600462,0.00587990846315322,0.95,NA
1.25119780971937,2598,1,0.884047967369284,0.00588749085116795,0.95,NA
1.2539356605065,2597,2,0.883367144906928,0.00590260634046383,0.95,NA
1.25941136208077,2595,1,0.88302673367575,0.00591013956779835,0.95,NA
1.26488706365503,2592,1,0.882686059781585,0.00591766988509714,0.95,NA
1.26762491444216,2591,2,0.882004711993255,0.00593268183246406,0.95,NA
1.2703627652293,2588,1,0.881663906463118,0.00594017024812439,0.95,NA
1.27310061601643,2587,1,0.881323100932982,0.00594764257323625,0.95,NA
1.27583846680356,2585,1,0.880982163563182,0.00595510552225818,0.95,NA
1.28131416837782,2584,2,0.880300288823582,0.00596998349661756,0.95,NA
1.28678986995209,2582,2,0.879618414083982,0.00598479796963916,0.95,NA
1.28952772073922,2579,1,0.879277344516675,0.00599218816113919,0.95,NA
1.29226557152635,2578,2,0.878595205382062,0.0060069214307587,0.95,NA
1.29500342231348,2576,2,0.877913066247448,0.00602159226657998,0.95,NA
1.29774127310062,2574,2,0.877230927112835,0.0060362011238344,0.95,NA
1.30321697467488,2570,1,0.87688959212174,0.00604349560407678,0.95,NA
1.30595482546201,2568,2,0.876206656302331,0.00605805163409204,0.95,NA
1.30869267624914,2564,1,0.875864922037003,0.00606531984383704,0.95,NA
1.31143052703628,2563,1,0.875523187771674,0.00607257277321132,0.95,NA
1.31964407939767,2562,1,0.875181453506345,0.00607981047690118,0.95,NA
1.3223819301848,2560,1,0.87483958575107,0.00608703957471235,0.95,NA
1.32785763175907,2557,1,0.874497450598253,0.00609426667109403,0.95,NA
1.3305954825462,2556,1,0.874155315445437,0.00610147863300217,0.95,NA
1.33333333333333,2555,1,0.873813180292621,0.00610867551404048,0.95,NA
1.3388090349076,2554,1,0.873471045139805,0.00611585736744855,0.95,NA
1.34428473648186,2553,4,0.87210250452854,0.00614443555701697,0.95,NA
1.35797399041752,2549,2,0.871418234222907,0.00615863584405683,0.95,NA
1.36071184120465,2547,1,0.871076099070091,0.00616571396488735,0.95,NA
1.36618754277892,2546,1,0.870733963917275,0.00617277747130038,0.95,NA
1.36892539356605,2545,1,0.870391828764459,0.0061798264134085,0.95,NA
1.37440109514031,2544,2,0.869707558458826,0.00619388080350603,0.95,NA
1.37713894592745,2542,4,0.868339017847561,0.00622181698057517,0.95,NA
1.37987679671458,2538,2,0.867654747541929,0.00623569954081555,0.95,NA
1.38261464750171,2536,1,0.867312612389113,0.0062426196055443,0.95,NA
1.38535249828884,2534,2,0.866628072047842,0.00625643035351416,0.95,NA
1.39630390143737,2532,1,0.866285801877207,0.00626331468932484,0.95,NA
1.3990417522245,2531,1,0.865943531706572,0.00627018506131423,0.95,NA
1.40177960301164,2530,3,0.864916721194667,0.00629071285140537,0.95,NA
1.4072553045859,2527,2,0.864232180853397,0.00630432905854065,0.95,NA
1.40999315537303,2525,1,0.863889910682762,0.00631111660032018,0.95,NA
1.4154688569473,2524,1,0.863547640512127,0.00631789049317814,0.95,NA
1.41820670773443,2523,1,0.863205370341492,0.00632465078096976,0.95,NA
1.42094455852156,2522,3,0.862178559829587,0.00634485044838525,0.95,NA
1.43189596167009,2518,2,0.861493747629564,0.00635826228475721,0.95,NA
1.43737166324435,2516,1,0.861151341529552,0.00636494812861868,0.95,NA
1.44010951403149,2515,2,0.860466529329528,0.00637827987811578,0.95,NA
1.44284736481862,2513,2,0.859781717129505,0.00639155865418856,0.95,NA
1.44832306639288,2510,1,0.85943917461272,0.00639818456524546,0.95,NA
1.45379876796715,2509,1,0.859096632095936,0.00640479733530456,0.95,NA
1.45927446954141,2508,1,0.858754089579151,0.00641139700502708,0.95,NA
1.46201232032854,2507,1,0.858411547062366,0.0064179836148266,0.95,NA
1.46475017111567,2506,1,0.858069004545582,0.00642455720487115,0.95,NA
1.46748802190281,2505,1,0.857726462028797,0.00643111781508532,0.95,NA
1.47022587268994,2504,1,0.857383919512012,0.00643766548515223,0.95,NA
1.47296372347707,2503,3,0.856356291961658,0.00645723124772205,0.95,NA
1.4757015742642,2500,1,0.856013749444874,0.0064637275492735,0.95,NA
1.4839151266256,2499,2,0.855328664411304,0.00647668195480493,0.95,NA
1.48939082819986,2496,1,0.854985984657934,0.00648314634549417,0.95,NA
1.492128678987,2495,1,0.854643304904564,0.00648959808483085,0.95,NA
1.49486652977413,2494,3,0.853615265644455,0.0065088777705654,0.95,NA
1.49760438056126,2491,1,0.853272585891085,0.00651527927922471,0.95,NA
1.50034223134839,2489,1,0.852929768460032,0.00652167450432902,0.95,NA
1.51129363449692,2487,3,0.851900902635593,0.00654080412504004,0.95,NA
1.51950718685832,2483,2,0.851214715843297,0.00655350767447303,0.95,NA
1.52224503764545,2481,3,0.850185435654852,0.00657247078114854,0.95,NA
1.52498288843258,2477,1,0.849842203747039,0.00657877351858012,0.95,NA
1.53319644079398,2476,1,0.849498971839225,0.00658506407014515,0.95,NA
1.53867214236824,2475,1,0.849155739931411,0.00659134247073294,0.95,NA
1.54140999315537,2474,1,0.848812508023597,0.00659760875503274,0.95,NA
1.5441478439425,2473,2,0.84812604420797,0.00661010511253456,0.95,NA
1.54962354551677,2471,1,0.847782812300156,0.00661633525412895,0.95,NA
1.55509924709103,2470,1,0.847439580392342,0.00662255341622317,0.95,NA
1.5605749486653,2469,1,0.847096348484528,0.00662875963252965,0.95,NA
1.56331279945243,2468,3,0.846066652761087,0.00664730694099385,0.95,NA
1.56605065023956,2464,3,0.845036539141654,0.00666576614594112,0.95,NA
1.57426420260096,2461,3,0.84400642552222,0.00668411974385877,0.95,NA
1.57700205338809,2458,2,0.843319683109265,0.006696297234258,0.95,NA
1.59342915811088,2454,2,0.842632381004041,0.00670845261953787,0.95,NA
1.59616700889802,2452,4,0.841257776793594,0.00673262505090132,0.95,NA
1.59890485968515,2448,1,0.840914125740983,0.00673863951908408,0.95,NA
1.60164271047228,2447,3,0.839883172583147,0.00675661467816843,0.95,NA
1.60711841204654,2443,1,0.839539380862892,0.0067625897652968,0.95,NA
1.61259411362081,2442,1,0.839195589142637,0.00676855356010841,0.95,NA
1.61533196440794,2441,1,0.838851797422382,0.00677450609242612,0.95,NA
1.61806981519507,2440,1,0.838508005702127,0.00678044739191186,0.95,NA
1.6208076659822,2439,1,0.838164213981872,0.00678637748806778,0.95,NA
1.6290212183436,2438,2,0.837476630541362,0.00679820418760724,0.95,NA
1.63997262149213,2436,1,0.837132838821107,0.00680410084920698,0.95,NA
1.64271047227926,2435,1,0.836789047100852,0.00680998642391165,0.95,NA
1.64544832306639,2434,1,0.836445255380597,0.00681586094044223,0.95,NA
1.64818617385353,2433,2,0.835757671940086,0.00682757691310217,0.95,NA
1.65366187542779,2431,1,0.835413880219831,0.00683341842591396,0.95,NA
1.65639972621492,2430,1,0.835070088499576,0.00683924899391872,0.95,NA
1.66461327857632,2429,4,0.833694921618556,0.00686246237502561,0.95,NA
1.66735112936345,2425,1,0.833351129898301,0.006868238635586,0.95,NA
1.67282683093771,2424,2,0.83266354645779,0.00687975884624555,0.95,NA
1.67556468172485,2422,1,0.832319754737535,0.00688550285040371,0.95,NA
1.68104038329911,2421,1,0.83197596301728,0.00689123615625271,0.95,NA
1.68377823408624,2420,2,0.83128837957677,0.00690267077960467,0.95,NA
1.69472963723477,2418,1,0.830944587856515,0.00690837215005422,0.95,NA
1.70020533880904,2416,2,0.83025671982021,0.00691975490444762,0.95,NA
1.70294318959617,2414,2,0.829568851783905,0.00693109542795131,0.95,NA
1.7056810403833,2412,1,0.829224917765753,0.0069367499178756,0.95,NA
1.70841889117043,2411,1,0.8288809837476,0.00694239392752,0.95,NA
1.71663244353183,2410,1,0.828537049729448,0.00694802748242445,0.95,NA
1.71937029431896,2409,1,0.828193115711295,0.00695365060799894,0.95,NA
1.72210814510609,2408,1,0.827849181693143,0.00695926332952434,0.95,NA
1.72484599589322,2407,1,0.82750524767499,0.00696486567215334,0.95,NA
1.72758384668036,2406,1,0.827161313656838,0.00697045766091132,0.95,NA
1.73305954825462,2405,1,0.826817379638685,0.00697603932069726,0.95,NA
1.73579739904175,2404,2,0.82612951160238,0.00698717175232205,0.95,NA
1.73853524982888,2402,1,0.825785577584227,0.00699272257333458,0.95,NA
1.74127310061602,2401,1,0.825441643566075,0.00699826316372416,0.95,NA
1.74674880219028,2400,2,0.82475377552977,0.00700931374963257,0.95,NA
1.75496235455168,2397,4,0.82337746551637,0.0070313163695525,0.95,NA
1.76043805612594,2393,1,0.82303338801302,0.00703679176559917,0.95,NA
1.76317590691307,2392,2,0.82234523300632,0.00704771241196429,0.95,NA
1.76591375770021,2390,1,0.82200115550297,0.0070531577089584,0.95,NA
1.76865160848734,2389,1,0.82165707799962,0.00705859301941932,0.95,NA
1.7741273100616,2388,2,0.820968922992921,0.00706943377283663,0.95,NA
1.77686516084873,2386,2,0.820280767986221,0.00708023485528126,0.95,NA
1.782340862423,2384,3,0.819248535476171,0.00709636249194651,0.95,NA
1.79329226557153,2380,2,0.818560091328712,0.00710707667113529,0.95,NA
1.79603011635866,2377,1,0.818215724441321,0.00711242483339015,0.95,NA
1.79876796714579,2376,1,0.81787135755393,0.00711776322388314,0.95,NA
1.80150581793292,2375,1,0.817526990666539,0.00712309186458457,0.95,NA
1.80424366872005,2374,1,0.817182623779148,0.00712841077735897,0.95,NA
1.80698151950719,2373,1,0.816838256891756,0.00713371998396581,0.95,NA
1.80971937029432,2372,1,0.816493890004365,0.00713901950606019,0.95,NA
1.81519507186858,2371,1,0.816149523116974,0.00714430936519351,0.95,NA
1.81793292265572,2370,2,0.815460789342192,0.00715486018026813,0.95,NA
1.82614647501711,2367,1,0.815116276968156,0.0071601268980146,0.95,NA
1.82888432580424,2366,2,0.814427252220085,0.00717063157275348,0.95,NA
1.83436002737851,2364,1,0.81408273984605,0.00717586957184843,0.95,NA
1.83709787816564,2362,1,0.813738081615802,0.0071811037502723,0.95,NA
1.83983572895277,2361,2,0.813048765155305,0.00719154354917069,0.95,NA
1.8425735797399,2359,1,0.812704106925057,0.00719674921107214,0.95,NA
1.84804928131417,2358,1,0.812359448694809,0.00720194540873051,0.95,NA
1.85352498288843,2357,3,0.811325474004065,0.00721747742047342,0.95,NA
1.86173853524983,2354,1,0.810980815773817,0.00722263596490802,0.95,NA
1.86447638603696,2353,1,0.810636157543568,0.0072277851464982,0.95,NA
1.86721423682409,2352,1,0.81029149931332,0.00723292498524044,0.95,NA
1.87268993839836,2351,3,0.809257524622576,0.00724828864295218,0.95,NA
1.87816563997262,2348,1,0.808912866392328,0.00725339130841546,0.95,NA
1.88090349075975,2347,2,0.808223549931832,0.00726356892604084,0.95,NA
1.88637919233402,2345,1,0.807878891701584,0.00726864391700733,0.95,NA
1.89185489390828,2344,1,0.807534233471336,0.00727370972179722,0.95,NA
1.90554414784394,2341,1,0.807189280787239,0.00727877765008076,0.95,NA
1.91375770020534,2339,1,0.806844180624439,0.0072838420522171,0.95,NA
1.91649555099247,2338,2,0.806153980298841,0.00729394334845239,0.95,NA
1.92470910335387,2336,1,0.805808880136042,0.00729898028062062,0.95,NA
1.93018480492813,2335,1,0.805463779973243,0.00730400809405718,0.95,NA
1.93292265571526,2333,1,0.805118531889242,0.00730903244890867,0.95,NA
1.95208761122519,2331,1,0.804773135693666,0.00731405335230267,0.95,NA
1.95756331279945,2330,1,0.804427739498089,0.00731906516208982,0.95,NA
1.96030116358658,2329,1,0.804082343302512,0.00732406789693818,0.95,NA
1.96851471594798,2328,1,0.803736947106936,0.00732906157543111,0.95,NA
1.97125256673511,2327,1,0.803391550911359,0.00733404621606776,0.95,NA
1.97399041752225,2326,1,0.803046154715782,0.00733902183726358,0.95,NA
1.97672826830938,2325,2,0.802355362324629,0.00734894609457912,0.95,NA
1.99863107460643,2320,1,0.802009519496041,0.00735391165816812,0.95,NA
2.00136892539357,2319,2,0.801317833838864,0.00736381582477762,0.95,NA
2.0041067761807,2317,1,0.800971991010276,0.00736875446403518,0.95,NA
2.00684462696783,2316,1,0.800626148181688,0.00737368416461714,0.95,NA
2.01232032854209,2315,2,0.799934462524512,0.00738351682133802,0.95,NA
2.01505817932923,2313,1,0.799588619695923,0.00738841981306899,0.95,NA
2.02327173169062,2312,1,0.799242776867335,0.00739331393730938,0.95,NA
2.02874743326489,2311,1,0.798896934038747,0.00739819921165752,0.95,NA
2.03148528405202,2310,3,0.797859405552982,0.00741280211016077,0.95,NA
2.03422313483915,2306,2,0.797167419945391,0.00742250462545477,0.95,NA
2.04791238877481,2303,1,0.796821276905901,0.00742734833105007,0.95,NA
2.06160164271047,2301,1,0.796474983434842,0.0074321888799054,0.95,NA
2.06981519507187,2298,1,0.796128388576951,0.00743703189277633,0.95,NA
2.072553045859,2297,2,0.795435198861168,0.00744669162376631,0.95,NA
2.07529089664613,2295,2,0.794742009145385,0.00745631640858592,0.95,NA
2.08350444900753,2293,1,0.794395414287493,0.00746111573846381,0.95,NA
2.08624229979466,2292,3,0.793355629713818,0.00747546167914949,0.95,NA
2.08898015058179,2289,2,0.792662439998035,0.00748498243167217,0.95,NA
2.09719370294319,2286,1,0.792315693523845,0.00748973547800251,0.95,NA
2.09993155373032,2285,1,0.791968947049655,0.00749447992253792,0.95,NA
2.10540725530459,2283,2,0.791275150337391,0.00750395422416494,0.95,NA
2.11088295687885,2281,1,0.790928251981259,0.00750867851488339,0.95,NA
2.11362080766598,2279,2,0.790234150838669,0.00751811260451725,0.95,NA
2.11909650924025,2277,1,0.789887100267374,0.00752281683934882,0.95,NA
2.12183436002738,2275,1,0.789539897146377,0.00752751813432294,0.95,NA
2.12457221081451,2274,2,0.788845490904384,0.00753689518725734,0.95,NA
2.12731006160164,2272,1,0.788498287783387,0.00754157097696988,0.95,NA
2.13004791238877,2271,1,0.788151084662391,0.00754623829656734,0.95,NA
2.13552361396304,2270,1,0.787803881541394,0.00755089716175624,0.95,NA
2.1409993155373,2269,1,0.787456678420397,0.00755554758817592,0.95,NA
2.14373716632444,2268,1,0.787109475299401,0.00756018959139896,0.95,NA
2.14647501711157,2267,1,0.786762272178404,0.00756482318693153,0.95,NA
2.15195071868583,2266,1,0.786415069057407,0.00756944839021381,0.95,NA
2.15468856947296,2265,1,0.786067865936411,0.0075740652166203,0.95,NA
2.1574264202601,2264,1,0.785720662815414,0.00757867368146026,0.95,NA
2.16016427104723,2263,1,0.785373459694417,0.007583273799978,0.95,NA
2.16563997262149,2262,1,0.785026256573421,0.00758786558735333,0.95,NA
2.16837782340862,2261,1,0.784679053452424,0.00759244905870186,0.95,NA
2.17659137577002,2260,2,0.783984647210431,0.00760159111346218,0.95,NA
2.18206707734428,2257,1,0.78363729025553,0.00760615525580155,0.95,NA
2.18480492813142,2256,3,0.782595219390829,0.00761979811719685,0.95,NA
2.18754277891855,2253,1,0.782247862435928,0.00762432926506101,0.95,NA
2.19849418206708,2252,1,0.781900505481028,0.00762885220110664,0.95,NA
2.20123203285421,2251,1,0.781553148526127,0.00763336693993078,0.95,NA
2.22313483915127,2247,1,0.781205327810273,0.00763789006224789,0.95,NA
2.2258726899384,2246,1,0.780857507094418,0.00764240497269914,0.95,NA
2.22861054072553,2244,2,0.78016155566207,0.00765142126477863,0.95,NA
2.23134839151266,2242,1,0.779813579945896,0.0076559171291655,0.95,NA
2.24503764544832,2241,1,0.779465604229722,0.00766040482501403,0.95,NA
2.25051334702259,2238,1,0.779117317543292,0.00766489542816004,0.95,NA
2.25325119780972,2237,1,0.778769030856862,0.00766937786230289,0.95,NA
2.25872689938398,2236,1,0.778420744170433,0.00767385214175755,0.95,NA
2.26146475017112,2235,1,0.778072457484003,0.00767831828077962,0.95,NA
2.26420260095825,2234,1,0.777724170797573,0.00768277629356566,0.95,NA
2.26694045174538,2233,1,0.777375884111143,0.00768722619425348,0.95,NA
2.27241615331964,2232,2,0.776679310738284,0.00769610171559397,0.95,NA
2.27515400410678,2230,1,0.776331024051854,0.00770052736423148,0.95,NA
2.27789185489391,2228,2,0.775634138033854,0.00770936552069569,0.95,NA
2.28062970568104,2226,4,0.774240365997855,0.00772694542893409,0.95,NA
2.2861054072553,2220,1,0.773891609076234,0.00773133141650299,0.95,NA
2.29158110882957,2219,1,0.773542852154613,0.00773570940077861,0.95,NA
2.2943189596167,2218,1,0.773194095232993,0.00774007939534154,0.95,NA
2.29705681040383,2217,1,0.772845338311372,0.00774444141371698,0.95,NA
2.31895961670089,2215,1,0.772496423937416,0.00774880097658849,0.95,NA
2.32991101984942,2212,1,0.772147194089344,0.00775316360857339,0.95,NA
2.33264887063655,2210,1,0.771797806218715,0.00775752378712529,0.95,NA
2.34086242299795,2208,1,0.771448260110826,0.00776188151637877,0.95,NA
2.34360027378508,2207,1,0.771098714002937,0.0077662312646359,0.95,NA
2.34633812457221,2206,1,0.770749167895048,0.00777057304529928,0.95,NA
2.34907597535934,2205,2,0.77005007567927,0.00777923275718322,0.95,NA
2.35181382614648,2203,1,0.769700529571381,0.00778355071493786,0.95,NA
2.3709787816564,2202,1,0.769350983463493,0.00778786075816747,0.95,NA
2.37371663244353,2200,2,0.768651573478526,0.00779646817399229,0.95,NA
2.3791923340178,2198,1,0.768301868486042,0.00780076004100178,0.95,NA
2.38193018480493,2197,2,0.767602458501076,0.00780932015829049,0.95,NA
2.38740588637919,2195,1,0.767252753508592,0.00781358843444283,0.95,NA
2.39288158795346,2194,2,0.766553343523626,0.00782210148605687,0.95,NA
2.39835728952772,2192,1,0.766203638531142,0.00782634628708127,0.95,NA
2.40109514031485,2191,2,0.765504228546175,0.0078348125030882,0.95,NA
2.40930869267625,2187,1,0.765154203750315,0.00783904493684085,0.95,NA
2.41204654346338,2186,2,0.764454154158595,0.00784748644646646,0.95,NA
2.41478439425051,2184,1,0.764104129362735,0.00785169554745193,0.95,NA
2.41752224503765,2183,1,0.763754104566874,0.00785589689587751,0.95,NA
2.42847364818617,2181,1,0.7634039192828,0.00786009599861339,0.95,NA
2.43394934976044,2180,1,0.763053733998725,0.00786428735943684,0.95,NA
2.4394250513347,2178,1,0.762703387931691,0.00786847648761544,0.95,NA
2.4476386036961,2177,1,0.762353041864658,0.00787265788440958,0.95,NA
2.45037645448323,2176,1,0.762002695797625,0.00787683156213181,0.95,NA
2.4558521560575,2175,2,0.761302003663558,0.00788515580936714,0.95,NA
2.45859000684463,2173,1,0.760951657596524,0.0078893064032624,0.95,NA
2.46680355920602,2172,1,0.760601311529491,0.00789344932685061,0.95,NA
2.46954140999316,2171,1,0.760250965462458,0.00789758459220286,0.95,NA
2.48049281314168,2167,1,0.759900134375488,0.00790172868264127,0.95,NA
2.48870636550308,2166,1,0.759549303288519,0.00790586509652816,0.95,NA
2.49144421629021,2165,1,0.75919847220155,0.00790999384590654,0.95,NA
2.51060917180014,2161,1,0.758847154074663,0.00791413146371385,0.95,NA
2.51334702258727,2160,2,0.75814451782089,0.00792238366224561,0.95,NA
2.51882272416153,2158,1,0.757793199694004,0.00792649826695373,0.95,NA
2.52156057494867,2157,1,0.757441881567118,0.00793060522453389,0.95,NA
2.5242984257358,2156,1,0.757090563440231,0.00793470454686041,0.95,NA
2.52703627652293,2154,1,0.756739082213007,0.00793880175243774,0.95,NA
2.52977412731006,2153,1,0.756387600985783,0.00794289133224171,0.95,NA
2.53798767967146,2151,1,0.756035956354921,0.00794697880751362,0.95,NA
2.54072553045859,2149,2,0.755332339829695,0.00795514193664928,0.95,NA
2.54346338124572,2147,2,0.754628723304469,0.00796327463723806,0.95,NA
2.54620123203285,2145,1,0.754276915041857,0.00796732960595986,0.95,NA
2.55167693360712,2144,1,0.753925106779244,0.00797137700241303,0.95,NA
2.56810403832991,2142,2,0.753221161768245,0.0079794601239936,0.95,NA
2.57357973990418,2139,2,0.752516887657195,0.00798752404334585,0.95,NA
2.58179329226557,2136,1,0.752164585743498,0.00799155019532632,0.95,NA
2.58726899383984,2134,1,0.751812118739869,0.00799557431994661,0.95,NA
2.59548254620123,2133,1,0.751459651736241,0.00799959089598983,0.95,NA
2.60643394934976,2131,3,0.750401754525913,0.0080116119682857,0.95,NA
2.60917180013689,2128,1,0.75004912212247,0.00801560394248443,0.95,NA
2.61190965092402,2127,1,0.749696489719027,0.00801958841047963,0.95,NA
2.61464750171116,2126,1,0.749343857315585,0.00802356538345394,0.95,NA
2.62012320328542,2125,1,0.748991224912142,0.00802753487254684,0.95,NA
2.62286105407255,2124,1,0.7486385925087,0.00803149688885484,0.95,NA
2.63107460643395,2123,1,0.748285960105257,0.00803545144343168,0.95,NA
2.63381245722108,2122,1,0.747933327701814,0.00803939854728857,0.95,NA
2.63655030800821,2121,2,0.747228062894929,0.00804727044667584,0.95,NA
2.63928815879535,2119,1,0.746875430491486,0.00805119526401775,0.95,NA
2.64476386036961,2118,1,0.746522798088044,0.00805511267426318,0.95,NA
2.65023956194387,2117,1,0.746170165684601,0.00805902268821368,0.95,NA
2.65297741273101,2116,2,0.745464900877716,0.00806682057022964,0.95,NA
2.65845311430527,2113,1,0.745112101587192,0.00807071394382136,0.95,NA
2.6611909650924,2112,2,0.744406503006143,0.00807847859939049,0.95,NA
2.6694045174538,2110,1,0.744053703715619,0.00808234990259116,0.95,NA
2.67488021902806,2109,1,0.743700904425095,0.00808621387015074,0.95,NA
2.68856947296372,2107,1,0.743347937693047,0.00809007599220785,0.95,NA
2.69130732375086,2105,1,0.742994803280841,0.00809393627140428,0.95,NA
2.69678302532512,2104,2,0.74228853445643,0.00810163484433032,0.95,NA
2.70225872689938,2102,2,0.741582265632018,0.00810930417284049,0.95,NA
2.70773442847365,2100,1,0.741229131219812,0.0081131278963689,0.95,NA
2.71321013004791,2099,1,0.740875996807607,0.00811694433982994,0.95,NA
2.71594798083504,2098,2,0.740169727983195,0.00812455542756736,0.95,NA
2.72689938398357,2094,1,0.739816256288838,0.00812836104317922,0.95,NA
2.73511293634497,2092,1,0.739462615630956,0.00813216487787286,0.95,NA
2.74880219028063,2089,3,0.738400677934981,0.00814356569503317,0.95,NA
2.75975359342916,2086,1,0.738046698702989,0.00814735141810168,0.95,NA
2.76796714579055,2084,1,0.73769254961532,0.00815113538292314,0.95,NA
2.77344284736482,2082,1,0.737338230427224,0.00815491759194508,0.95,NA
2.77618069815195,2081,1,0.736983911239128,0.00815869253555654,0.95,NA
2.78165639972621,2080,2,0.736275272862937,0.00816622066683094,0.95,NA
2.78713210130048,2078,1,0.735920953674841,0.00816997387454068,0.95,NA
2.78986995208761,2077,1,0.735566634486745,0.00817371985693382,0.95,NA
2.79808350444901,2075,1,0.735212144542414,0.0081774641233433,0.95,NA
2.80355920602327,2074,2,0.734503164653752,0.00818493100790925,0.95,NA
2.8062970568104,2072,1,0.734148674709421,0.00818865364580585,0.95,NA
2.81177275838467,2070,1,0.73379401351391,0.00819237459212406,0.95,NA
2.8145106091718,2069,2,0.733084691122886,0.00819979491278107,0.95,NA
2.81724845995893,2067,1,0.732730029927374,0.00820349430663241,0.95,NA
2.81998631074606,2066,1,0.732375368731862,0.00820718653577991,0.95,NA
2.8227241615332,2065,2,0.731666046340839,0.00821454953858884,0.95,NA
2.82546201232033,2063,1,0.731311385145327,0.00821822033147303,0.95,NA
2.82819986310746,2062,1,0.730956723949815,0.0082218839980992,0.95,NA
2.83367556468172,2061,2,0.730247401558791,0.00822918999063063,0.95,NA
2.83641341546886,2059,2,0.729538079167768,0.00823646759193632,0.95,NA
2.84188911704312,2056,1,0.729183245471675,0.00824010124464387,0.95,NA
2.85010266940452,2054,1,0.728828239023052,0.00824373329571744,0.95,NA
2.86926762491444,2051,2,0.728117533768032,0.00825099808729926,0.95,NA
2.8829568788501,2049,1,0.727762181140522,0.00825461983329534,0.95,NA
2.89390828199863,2048,1,0.727406828513012,0.0082582344918892,0.95,NA
2.89664613278576,2047,1,0.727051475885502,0.00826184207238334,0.95,NA
2.8993839835729,2046,1,0.726696123257991,0.00826544258404579,0.95,NA
2.90759753593429,2045,2,0.725985418002971,0.00827262243777649,0.95,NA
2.91581108829569,2041,1,0.725629717161226,0.00827621278145144,0.95,NA
2.92402464065708,2040,1,0.72527401631948,0.00827979606544972,0.95,NA
2.92676249144422,2038,1,0.724918140943465,0.00828337779936344,0.95,NA
2.92950034223135,2037,1,0.724562265567449,0.00828695247807393,0.95,NA
2.93223819301848,2035,2,0.723850165060749,0.00829409170204532,0.95,NA
2.93771389459274,2032,1,0.723493939585818,0.00829765625602496,0.95,NA
2.94866529774127,2031,1,0.723137714110886,0.00830121376349967,0.95,NA
2.96235455167693,2030,2,0.722425263161023,0.00830830767512309,0.95,NA
2.9678302532512,2028,1,0.722069037686092,0.00831184409728285,0.95,NA
2.97604380561259,2026,1,0.721712636384174,0.00831537901544697,0.95,NA
2.99247091033539,2024,2,0.720999481605138,0.00832243882731758,0.95,NA
3.01711156741958,2019,1,0.720642374382946,0.00832597479274449,0.95,NA
3.03080082135524,2017,1,0.720285090112057,0.00832950925711493,0.95,NA
3.03353867214237,2015,2,0.719570166945693,0.00833656813337652,0.95,NA
3.0444900752909,2013,1,0.719212705362511,0.00834008699917458,0.95,NA
3.04722792607803,2012,1,0.718855243779328,0.00834359882864696,0.95,NA
3.04996577686516,2010,1,0.718497604354563,0.00834710918060678,0.95,NA
3.05270362765229,2009,1,0.718139964929797,0.00835061250000661,0.95,NA
3.06365503080082,2008,2,0.717424686080265,0.00835759807648328,0.95,NA
3.06639288158795,2005,1,0.717066868281721,0.00836108590111103,0.95,NA
3.06913073237509,2004,1,0.716709050483178,0.00836456671441737,0.95,NA
3.07186858316222,2002,1,0.716351053954465,0.00836804607982608,0.95,NA
3.07734428473648,2001,1,0.715993057425752,0.00837151843740981,0.95,NA
3.08555783709788,2000,2,0.715277064368326,0.00837844216393652,0.95,NA
3.1047227926078,1997,1,0.714918888572448,0.00838189910506521,0.95,NA
3.11841204654346,1993,2,0.71420145867925,0.00838882542082322,0.95,NA
3.1211498973306,1991,1,0.71384274373265,0.00839227805653805,0.95,NA
3.12388774811773,1990,1,0.713484028786051,0.0083957236890216,0.95,NA
3.12936344969199,1989,2,0.712766598892852,0.00840259397873888,0.95,NA
3.13483915126626,1986,1,0.712407703324427,0.00840602422965546,0.95,NA
3.13757700205339,1985,2,0.711689912187576,0.00841286379108048,0.95,NA
3.14031485284052,1983,1,0.71133101661915,0.00841627311860633,0.95,NA
3.14305270362765,1982,1,0.710972121050725,0.00841967548863416,0.95,NA
3.14579055441478,1981,2,0.710254329913874,0.00842645938988947,0.95,NA
3.15947980835044,1978,1,0.709895252901784,0.00842984650814099,0.95,NA
3.16495550992471,1977,1,0.709536175889694,0.00843322668843593,0.95,NA
3.17043121149897,1976,2,0.708818021865515,0.00843996626848251,0.95,NA
3.17864476386037,1974,1,0.708458944853425,0.00844332568482146,0.95,NA
3.18412046543463,1972,1,0.7080996857536,0.00844668376505124,0.95,NA
3.1895961670089,1970,2,0.707380802823901,0.00845339034013572,0.95,NA
3.19233401779603,1968,1,0.707021361359052,0.00845673326138311,0.95,NA
3.20054757015743,1966,3,0.705942488478036,0.00846673735312308,0.95,NA
3.20328542094456,1963,1,0.705582864184364,0.0084700582605108,0.95,NA
3.20876112251882,1962,1,0.705223239890692,0.00847337228649447,0.95,NA
3.21423682409309,1961,1,0.70486361559702,0.00847667943914512,0.95,NA
3.23340177960301,1957,1,0.704503440014191,0.00847999648207268,0.95,NA
3.23887748117728,1956,1,0.704143264431361,0.00848330662561781,0.95,NA
3.24161533196441,1955,1,0.703783088848532,0.0084866098778537,0.95,NA
3.24435318275154,1954,3,0.702702562100044,0.00849647836699794,0.95,NA
3.2498288843258,1950,1,0.702342201811788,0.00849975972569269,0.95,NA
3.25256673511294,1949,1,0.701981841523531,0.00850303421895471,0.95,NA
3.25530458590007,1948,1,0.701621481235275,0.00850630185471252,0.95,NA
3.2662559890486,1946,1,0.701260935767014,0.00850956823571128,0.95,NA
3.27720739219713,1943,2,0.700539102585576,0.00851610283951315,0.95,NA
3.28268309377139,1941,1,0.700178185994857,0.00851935983511705,0.95,NA
3.29089664613279,1940,1,0.699817269404138,0.00852260997036486,0.95,NA
3.31553730321697,1937,1,0.699455980158188,0.00852586449001807,0.95,NA
3.32375085557837,1936,1,0.699094690912239,0.00852911213669221,0.95,NA
3.3429158110883,1933,1,0.698733027854343,0.00853236418612035,0.95,NA
3.34565366187543,1932,1,0.698371364796448,0.00853560934984042,0.95,NA
3.35112936344969,1930,1,0.698009514348367,0.00853885328024472,0.95,NA
3.35386721423682,1929,1,0.697647663900286,0.00854209032637793,0.95,NA
3.35934291581109,1926,1,0.697285437698884,0.00854533180650163,0.95,NA
3.36208076659822,1925,1,0.696923211497481,0.00854856638942543,0.95,NA
3.36755646817248,1924,2,0.696198759094677,0.00855501489494998,0.95,NA
3.37029431895962,1921,1,0.695836344332004,0.00855823449479995,0.95,NA
3.37303216974675,1920,1,0.695473929569332,0.00856144721429041,0.95,NA
3.37577002053388,1918,2,0.694748722134953,0.0085678633637821,0.95,NA
3.38124572210815,1916,1,0.694386118417763,0.00857106112741943,0.95,NA
3.38398357289528,1915,1,0.694023514700574,0.00857425202724466,0.95,NA
3.40041067761807,1913,2,0.693297928171875,0.00858062458995696,0.95,NA
3.4031485284052,1911,1,0.692935134907525,0.00858380058469172,0.95,NA
3.41409993155373,1910,1,0.692572341643176,0.00858696973183006,0.95,NA
3.41683778234086,1908,1,0.692209358235606,0.00859013770977771,0.95,NA
3.44147843942505,1906,1,0.691846184385535,0.00859330451982774,0.95,NA
3.45242984257358,1903,3,0.690755517778516,0.00860279792481217,0.95,NA
3.46338124572211,1899,2,0.690028023815611,0.00860910393824118,0.95,NA
3.4715947980835,1897,1,0.689664276834158,0.00861224665261574,0.95,NA
3.4880219028063,1895,2,0.688936398969426,0.00861852293005934,0.95,NA
3.49075975359343,1893,3,0.687844582172327,0.00862788598208693,0.95,NA
3.52361396303901,1889,1,0.687480450577741,0.00863099903716834,0.95,NA
3.52908966461328,1888,1,0.687116318983156,0.00863410525643322,0.95,NA
3.53730321697467,1887,1,0.68675218738857,0.0086372046472567,0.95,NA
3.5482546201232,1886,1,0.686388055793984,0.00864029721698715,0.95,NA
3.56194387405886,1884,1,0.686023730923605,0.0086433886802067,0.95,NA
3.564681724846,1882,1,0.685659212469342,0.00864647903810221,0.95,NA
3.57289527720739,1880,1,0.685294500122284,0.00864956829185841,0.95,NA
3.57563312799452,1879,1,0.684929787775226,0.0086526507102967,0.95,NA
3.58110882956879,1877,1,0.684564881122175,0.00865573203104389,0.95,NA
3.61122518822724,1873,1,0.684199389995041,0.00865882376429046,0.95,NA
3.61396303901437,1872,2,0.683468407740773,0.0086649866227092,0.95,NA
3.61670088980151,1870,1,0.683102916613639,0.00866805776253339,0.95,NA
3.63586584531143,1868,1,0.682737229827443,0.00867112781461941,0.95,NA
3.63860369609856,1867,1,0.682371543041247,0.00867419100944797,0.95,NA
3.64134154688569,1866,2,0.681640169468856,0.00868029685635477,0.95,NA
3.64681724845996,1862,1,0.681274089893416,0.00868335106269275,0.95,NA
3.65503080082136,1860,1,0.680907813501,0.00868640419514638,0.95,NA
3.66050650239562,1859,1,0.680541537108585,0.00868945046235948,0.95,NA
3.67693360711841,1857,1,0.680175063475247,0.00869249566201253,0.95,NA
3.67967145790554,1856,1,0.679808589841909,0.0086955339960792,0.95,NA
3.68514715947981,1853,1,0.679441720662285,0.00869857707675317,0.95,NA
3.68788501026694,1852,1,0.679074851482662,0.00870161327660371,0.95,NA
3.6933607118412,1849,1,0.678707585473207,0.00870465424281172,0.95,NA
3.71252566735113,1847,1,0.678340120619134,0.0087076941470287,0.95,NA
3.71526351813826,1846,1,0.677972655765061,0.00871072714735542,0.95,NA
3.71800136892539,1845,2,0.677237726056914,0.00871677246514819,0.95,NA
3.72347707049966,1842,1,0.676870061710521,0.00871979063389506,0.95,NA
3.72621492128679,1841,1,0.676502397364127,0.00872280191250201,0.95,NA
3.73442847364819,1840,1,0.676134733017734,0.00872580630810239,0.95,NA
3.74537987679671,1839,1,0.67576706867134,0.00872880382780347,0.95,NA
3.75085557837098,1837,2,0.675031339690751,0.00873478993247581,0.95,NA
3.7864476386037,1834,1,0.674663274620036,0.00873777852356809,0.95,NA
3.79466119096509,1833,1,0.674295209549321,0.00874076023708328,0.95,NA
3.80287474332649,1831,1,0.673926943459999,0.00874374093379871,0.95,NA
3.80835044490075,1830,1,0.673558677370676,0.00874671475199073,0.95,NA
3.82203969883641,1829,1,0.673190411281354,0.0087496816986729,0.95,NA
3.82751540041068,1827,1,0.672821943623291,0.00875264763962614,0.95,NA
3.8631074606434,1824,1,0.672453071943673,0.00875561845482435,0.95,NA
3.89048596851472,1819,1,0.672083389111378,0.0087586059935313,0.95,NA
3.89596167008898,1818,2,0.671344023446789,0.00876456022959533,0.95,NA
3.90691307323751,1816,1,0.670974340614495,0.00876752694110627,0.95,NA
3.9233401779603,1815,1,0.6706046577822,0.00877048672432895,0.95,NA
3.94250513347023,1814,1,0.670234974949906,0.00877343958627531,0.95,NA
3.94524298425736,1813,1,0.669865292117611,0.00877638553393144,0.95,NA
3.95619438740589,1811,1,0.669495405153438,0.00877933049305814,0.95,NA
3.96440793976728,1810,1,0.669125518189265,0.00878226853655003,0.95,NA
3.98631074606434,1809,1,0.668755631225092,0.00878519967134551,0.95,NA
3.9917864476386,1808,1,0.668385744260918,0.00878812390435743,0.95,NA
3.99726214921287,1807,2,0.667645970332572,0.00879395169255475,0.95,NA
4.00273785078713,1805,1,0.667276083368399,0.00879685526143892,0.95,NA
4.01095140314853,1804,2,0.666536309440053,0.00880264178283617,0.95,NA
4.01368925393566,1801,1,0.666166217097221,0.0088055306613404,0.95,NA
4.01642710472279,1800,1,0.665796124754389,0.00880841267052161,0.95,NA
4.01916495550992,1799,1,0.665426032411557,0.00881128781712032,0.95,NA
4.03011635865845,1797,1,0.665055734118618,0.00881416202585478,0.95,NA
4.03285420944558,1795,2,0.664314724944113,0.008819901696423,0.95,NA
4.06570841889117,1790,1,0.663943599399451,0.00882277906848516,0.95,NA
4.07392197125257,1787,1,0.66357205849324,0.0088256614816115,0.95,NA
4.0766598220397,1786,1,0.663200517587029,0.00882853696487102,0.95,NA
4.09034907597536,1784,1,0.662828768417978,0.00883141151187884,0.95,NA
4.09308692676249,1783,1,0.662457019248927,0.00883427912702639,0.95,NA
4.10677618069815,1781,1,0.662085061349292,0.0088371458116431,0.95,NA
4.12594113620808,1777,2,0.661339889642653,0.00884289443500624,0.95,NA
4.13415468856947,1774,1,0.660967093763485,0.00884576432795445,0.95,NA
4.145106091718,1772,1,0.660594087502896,0.00884863329010285,0.95,NA
4.14784394250513,1771,1,0.660221081242308,0.00885149526709648,0.95,NA
4.15879534565366,1770,1,0.659848074981719,0.00885435026570876,0.95,NA
4.17522245037645,1768,1,0.659474857744738,0.00885720434404896,0.95,NA
4.18343600273785,1765,1,0.659101217598707,0.00886006357619656,0.95,NA
4.19438740588638,1763,1,0.65872736551839,0.00886292188593624,0.95,NA
4.19986310746064,1761,1,0.658353301142741,0.00886577927416011,0.95,NA
4.21081451060917,1759,1,0.657979024109686,0.00886863574175889,0.95,NA
4.2135523613963,1756,1,0.657604320792995,0.00887149741498931,0.95,NA
4.24093086926762,1752,1,0.657228975861036,0.00887437047286818,0.95,NA
4.24914442162902,1751,1,0.656853630929076,0.00887723643088841,0.95,NA
4.25188227241615,1750,2,0.656102941065158,0.00888294707482402,0.95,NA
4.25735797399042,1748,2,0.655352251201239,0.00888862940148023,0.95,NA
4.27926078028747,1745,1,0.654976691171897,0.00889146612294587,0.95,NA
4.30116358658453,1742,1,0.654600699959973,0.00889430812241628,0.95,NA
4.30390143737166,1741,1,0.654224708748048,0.00889714302097021,0.95,NA
4.31211498973306,1739,1,0.653848501324962,0.00889997701652496,0.95,NA
4.31759069130732,1738,1,0.653472293901875,0.00890280390840729,0.95,NA
4.32580424366872,1735,1,0.653095652810289,0.00890563611494238,0.95,NA
4.33127994524298,1734,1,0.652719011718703,0.0089084611985897,0.95,NA
4.33401779603012,1733,1,0.652342370627116,0.00891127916612363,0.95,NA
4.35318275154004,1728,2,0.651587344735187,0.00891694361235566,0.95,NA
4.37234770704997,1723,1,0.651209174482874,0.00891978392156473,0.95,NA
4.38603696098563,1722,1,0.650831004230561,0.00892261702589647,0.95,NA
4.41889117043121,1715,1,0.650451510933634,0.00892548091636424,0.95,NA
4.435318275154,1711,1,0.650071352248108,0.00892835667428116,0.95,NA
4.43805612594114,1709,2,0.649310589986847,0.00893409899166004,0.95,NA
4.44626967830253,1704,1,0.648929539171127,0.00893697843513059,0.95,NA
4.44900752908966,1702,1,0.648548264471261,0.00893985695115689,0.95,NA
4.45448323066393,1701,1,0.648166989771396,0.00894272807282667,0.95,NA
4.45995893223819,1700,1,0.64778571507153,0.00894559180725968,0.95,NA
4.47912388774812,1695,1,0.647403540608361,0.00894847409586729,0.95,NA
4.48186173853525,1694,1,0.647021366145192,0.00895134894161499,0.95,NA
4.49007529089665,1692,1,0.646638965810591,0.00895422286436098,0.95,NA
4.49281314168378,1691,2,0.645874165141389,0.00895994837866681,0.95,NA
4.50376454483231,1687,1,0.64549131145725,0.00896281303762552,0.95,NA
4.52566735112936,1684,1,0.645108003077525,0.00896568333950234,0.95,NA
4.53114305270363,1682,1,0.644724466809346,0.0089685527227629,0.95,NA
4.55578370978782,1679,1,0.644340473678429,0.00897142778312026,0.95,NA
4.55852156057495,1678,2,0.643572487416595,0.0089771553286261,0.95,NA
4.56399726214921,1676,1,0.643188494285678,0.00898000782817328,0.95,NA
4.57494866529774,1674,1,0.642804271768184,0.00898285942190872,0.95,NA
4.59411362080767,1671,1,0.642419589379334,0.00898571673623838,0.95,NA
4.60232717316906,1666,2,0.641648377387282,0.00899146192756243,0.95,NA
4.60506502395619,1663,1,0.641262539517536,0.00899432980271964,0.95,NA
4.61054072553046,1662,1,0.64087670164779,0.00899719006317112,0.95,NA
4.61601642710472,1661,2,0.640105025908298,0.00900288776896832,0.95,NA
4.6570841889117,1656,1,0.639718489056905,0.009005745353687,0.95,NA
4.66255989048597,1655,1,0.639331952205511,0.00900859529750111,0.95,NA
4.67077344284736,1654,1,0.638945415354117,0.00901143760766017,0.95,NA
4.69541409993155,1649,1,0.63855794087543,0.00901429929773397,0.95,NA
4.71184120465435,1645,1,0.638169759756357,0.00901717369315038,0.95,NA
4.7337440109514,1641,1,0.637780868982587,0.00902006086863817,0.95,NA
4.73648186173854,1640,1,0.637391978208817,0.00902294025260395,0.95,NA
4.76112251882272,1638,1,0.637002850016992,0.00902581871799597,0.95,NA
4.77207392197125,1636,2,0.636224117926507,0.00903156600615329,0.95,NA
4.77754962354552,1634,1,0.635834751881264,0.00903442794681737,0.95,NA
4.78850102669405,1629,2,0.635054107618672,0.0090401836473444,0.95,NA
4.82409308692676,1625,1,0.634663305090907,0.0090430636091706,0.95,NA
4.85147159479808,1620,5,0.632704467729515,0.00905748432896298,0.95,NA
4.87063655030801,1612,1,0.632311971161445,0.00906036576428015,0.95,NA
4.8952772073922,1605,1,0.631918007316485,0.00906328181948789,0.95,NA
4.90349075975359,1601,1,0.631523305250703,0.00906621128625531,0.95,NA
4.92265571526352,1597,1,0.631127861728317,0.0090691542457746,0.95,NA
4.94182067077344,1587,1,0.630730175615066,0.0090721547518317,0.95,NA
4.94455852156057,1586,1,0.630332489501816,0.00907514688316464,0.95,NA
4.95824777549624,1584,1,0.6299345523241,0.00907813802829506,0.95,NA
4.96646132785763,1580,1,0.629535859569465,0.00908114302534035,0.95,NA
4.96919917864476,1579,1,0.629137166814829,0.00908413958764014,0.95,NA
4.9719370294319,1578,1,0.628738474060193,0.00908712772353874,0.95,NA
4.98015058179329,1576,1,0.628339528327922,0.00909011487716266,0.95,NA
4.98836413415469,1573,1,0.627940075353778,0.00909310851586582,0.95,NA
5.00479123887748,1571,1,0.627540368112942,0.00909610116932195,0.95,NA
5.02121834360027,1569,1,0.627140406119243,0.00909909283850318,0.95,NA
5.02943189596167,1562,1,0.626738907779858,0.00910212132097004,0.95,NA
5.0403832991102,1557,1,0.626336377973963,0.0091051717210729,0.95,NA
5.05133470225873,1553,1,0.625933070583123,0.00910823649803358,0.95,NA
5.05954825462012,1551,1,0.625529503161728,0.0091113002440883,0.95,NA
5.06228610540726,1550,1,0.625125935740334,0.00911435522289108,0.95,NA
5.11156741957563,1540,1,0.624720009808035,0.00911747168870884,0.95,NA
5.11978097193703,1536,1,0.624313291051649,0.0091206029252033,0.95,NA
5.13347022587269,1533,1,0.623906041677186,0.00912374104716256,0.95,NA
5.15811088295688,1528,1,0.623497726204885,0.00912690212579448,0.95,NA
5.17180013689254,1523,1,0.623088338334757,0.00913008635758527,0.95,NA
5.17453798767967,1520,1,0.622678411796379,0.00913327761455781,0.95,NA
5.1772758384668,1519,1,0.622268485258,0.00913645960570018,0.95,NA
5.19096509240246,1516,1,0.62185801791944,0.00913964865608178,0.95,NA
5.1937029431896,1515,1,0.621447550580879,0.00914282841110602,0.95,NA
5.19917864476386,1514,2,0.620626615903758,0.00914916007382091,0.95,NA
5.21013004791239,1511,1,0.620215876912425,0.00915232017529951,0.95,NA
5.22108145106092,1507,1,0.619804320258867,0.00915549562411235,0.95,NA
5.22381930184805,1506,1,0.619392763605308,0.00915866172719793,0.95,NA
5.2621492128679,1504,2,0.618569103015408,0.00916498239390972,0.95,NA
5.26488706365503,1502,1,0.618157272720457,0.00916812871012917,0.95,NA
5.28678986995209,1499,1,0.617744892952131,0.00917128221872504,0.95,NA
5.31143052703628,1492,1,0.617330854820126,0.00917447637567086,0.95,NA
5.32511978097194,1488,1,0.616915981933822,0.00917768628445725,0.95,NA
5.32785763175907,1486,1,0.616500829859842,0.00918089507096117,0.95,NA
5.3388090349076,1484,1,0.616085398033791,0.00918410273635891,0.95,NA
5.36071184120465,1481,1,0.615669405192445,0.00918731779424624,0.95,NA
5.38261464750171,1477,1,0.615252567409647,0.0091905488469556,0.95,NA
5.40177960301164,1473,1,0.614834880670061,0.00919379599942872,0.95,NA
5.42094455852156,1470,1,0.614416625649197,0.00919705067120909,0.95,NA
5.42642026009583,1467,1,0.613997800410173,0.0092003128955632,0.95,NA
5.44284736481862,1463,1,0.613578116336071,0.00920359146918568,0.95,NA
5.44832306639288,1460,1,0.61315785735228,0.00920687767728969,0.95,NA
5.45927446954141,1458,1,0.612737310125015,0.00921016271286169,0.95,NA
5.47843942505133,1455,1,0.61231618482596,0.00921345543622868,0.95,NA
5.48117727583847,1454,1,0.611895059526904,0.00921673810608152,0.95,NA
5.51950718685832,1445,1,0.611471602738305,0.00922008232660575,0.95,NA
5.52772073921971,1443,1,0.611047852493857,0.00922342533458044,0.95,NA
5.5605749486653,1439,2,0.610198585151961,0.00923013495978313,0.95,NA
5.56605065023956,1437,1,0.609773951481013,0.00923347426199519,0.95,NA
5.59616700889802,1432,1,0.609348131682493,0.00923683984456343,0.95,NA
5.60164271047228,1431,1,0.608922311883973,0.00924019499739488,0.95,NA
5.60985626283368,1429,1,0.608496194100989,0.00924354893239304,0.95,NA
5.63175906913073,1424,1,0.60806887935794,0.00924692944564542,0.95,NA
5.63449691991786,1423,1,0.607641564614892,0.00925029941650809,0.95,NA
5.64818617385353,1421,1,0.607213949157739,0.00925366816010004,0.95,NA
5.71115674195756,1410,2,0.606352652775955,0.00926056225410439,0.95,NA
5.72484599589322,1407,1,0.605921698509589,0.00926400260284617,0.95,NA
5.74127310061602,1404,1,0.605490130348258,0.00926745126701585,0.95,NA
5.74674880219028,1400,1,0.605057637398009,0.00927091794594835,0.95,NA
5.782340862423,1396,1,0.604624215021649,0.00927440276423962,0.95,NA
5.78507871321013,1395,1,0.60419079264529,0.00927787652323041,0.95,NA
5.82340862422998,1388,1,0.60375549668517,0.00928139808369942,0.95,NA
5.82614647501711,1386,2,0.602884276632234,0.00928842728734493,0.95,NA
5.8425735797399,1382,2,0.602011795768801,0.00929545117541731,0.95,NA
5.84531143052704,1378,1,0.601574922186966,0.00929896613046216,0.95,NA
5.86173853524983,1374,1,0.601137094732681,0.00930249982838533,0.95,NA
5.90554414784394,1365,1,0.600696701256686,0.00930610339610104,0.95,NA
5.90828199863107,1364,1,0.600256307780692,0.00930969529571799,0.95,NA
5.94387405886379,1357,2,0.599371626413292,0.00931696796157333,0.95,NA
5.94934976043806,1355,1,0.598929285729592,0.00932058653607258,0.95,NA
5.95756331279945,1352,1,0.598486290695768,0.0093242141493581,0.95,NA
5.98220396988364,1341,1,0.598039992194131,0.00932793577348125,0.95,NA
6.03148528405202,1338,1,0.597593026579636,0.00933166667743491,0.95,NA
6.04517453798768,1334,1,0.597145055795094,0.00933541775047334,0.95,NA
6.04791238877481,1333,1,0.596697085010551,0.0093391564487252,0.95,NA
6.08350444900753,1328,1,0.596247764916417,0.0093429264134299,0.95,NA
6.10266940451745,1325,1,0.595797766603272,0.00934670586013043,0.95,NA
6.1409993155373,1319,1,0.595346062458766,0.00935052817895954,0.95,NA
6.15195071868583,1317,1,0.594894015334652,0.00935434893592743,0.95,NA
6.15468856947296,1316,1,0.594441968210537,0.00935815693924887,0.95,NA
6.16837782340862,1314,1,0.593989577062736,0.00936196339364698,0.95,NA
6.26694045174538,1302,1,0.593533363869908,0.00936588209866423,0.95,NA
6.29158110882957,1300,1,0.593076799743854,0.00936979916476406,0.95,NA
6.34907597535934,1295,1,0.592618825381118,0.00937374948663799,0.95,NA
6.36002737850787,1292,1,0.592160142079739,0.00937770986440769,0.95,NA
6.39014373716632,1285,1,0.591699317066447,0.00938172778072193,0.95,NA
6.41478439425051,1280,1,0.591237051974989,0.00938577997119963,0.95,NA
6.49965776865161,1266,1,0.590770040085594,0.0093899777005417,0.95,NA
6.5242984257358,1259,1,0.590300802563683,0.00939423650934536,0.95,NA
6.52977412731006,1258,1,0.589831565041772,0.00939848069884399,0.95,NA
6.56536618754278,1254,1,0.589361204942058,0.00940274844536991,0.95,NA
6.58179329226557,1253,1,0.588890844842343,0.00940700147223814,0.95,NA
6.5845311430527,1252,1,0.588420484742629,0.00941123979940454,0.95,NA
6.58726899383984,1251,2,0.5874797645432,0.00941967243393154,0.95,NA
6.6611909650924,1233,2,0.586526837106796,0.00942846273700607,0.95,NA
6.66666666666667,1231,1,0.586050373388594,0.00943283481945403,0.95,NA
6.69678302532512,1229,1,0.585573521986325,0.0094372048763864,0.95,NA
6.71321013004791,1227,1,0.585096281952106,0.00944157291061564,0.95,NA
6.74058863791923,1221,1,0.584617087617993,0.00944599285917526,0.95,NA
6.75427789185489,1219,1,0.584137500179422,0.00945041074051789,0.95,NA
6.75975359342916,1217,1,0.58365751866736,0.00945482655754125,0.95,NA
6.8062970568104,1212,1,0.583175953057899,0.00945928146071333,0.95,NA
6.80903490759754,1211,2,0.582212821838976,0.00946814363434705,0.95,NA
6.85284052019165,1204,1,0.581729256372332,0.00947262022202876,0.95,NA
6.86926762491444,1200,1,0.581244481992022,0.0094771227519316,0.95,NA
6.91854893908282,1187,1,0.580754806775516,0.00948178077597078,0.95,NA
6.97604380561259,1173,1,0.580259704638453,0.00948661477503742,0.95,NA
7.01437371663244,1162,1,0.579760341725683,0.00949158453852607,0.95,NA
7.01984941820671,1160,1,0.579260548327644,0.00949655170120957,0.95,NA
7.02532511978097,1159,1,0.578760754929604,0.00950150064992441,0.95,NA
7.06913073237509,1143,1,0.578254402563087,0.00950667052398574,0.95,NA
7.09103353867214,1137,1,0.57774582349311,0.00951190335471355,0.95,NA
7.12662559890486,1129,2,0.576722358792503,0.00952254418604355,0.95,NA
7.21423682409309,1108,1,0.576201851248466,0.00952816482807055,0.95,NA
7.27994524298426,1095,1,0.575675639512166,0.00953398277647227,0.95,NA
7.28268309377139,1093,1,0.575148946337864,0.00953979717671705,0.95,NA
7.28542094455852,1090,1,0.574621286754068,0.00954562671134496,0.95,NA
7.30184804928131,1085,1,0.574091681881483,0.00955150921353076,0.95,NA
7.30732375085558,1083,1,0.573561587992396,0.00955738809506071,0.95,NA
7.31553730321698,1082,1,0.573031494103309,0.00956324436485212,0.95,NA
7.32101300479124,1081,2,0.571971306325134,0.00957488923501879,0.95,NA
7.35660506502396,1069,1,0.571436253653175,0.00958087029745959,0.95,NA
7.38945927446954,1060,1,0.570897162847841,0.00958698636681556,0.95,NA
7.46611909650924,1043,1,0.570349802193145,0.00959340744050314,0.95,NA
7.53730321697468,1027,1,0.569794446981662,0.00960012733742761,0.95,NA
7.56194387405886,1019,1,0.569235276768726,0.00960697715832999,0.95,NA
7.59479808350445,1012,1,0.568672791317374,0.00961393666788699,0.95,NA
7.6249144421629,1008,1,0.568108631802178,0.00962093763519672,0.95,NA
7.81382614647502,977,1,0.567527149067478,0.00962864637683517,0.95,NA
7.8631074606434,966,1,0.56693964684277,0.00963658570596463,0.95,NA
7.87953456536619,961,1,0.566349699239396,0.00964459930403893,0.95,NA
7.94524298425736,945,1,0.565750387388349,0.0096529959284246,0.95,NA
7.95071868583162,944,1,0.565151075537302,0.00966135669648052,0.95,NA
7.95619438740589,941,1,0.564550489909738,0.00966973887219801,0.95,NA
7.97262149212868,933,1,0.563945398280682,0.00967828826526605,0.95,NA
8,920,1,0.563332414152116,0.00968716092039666,0.95,NA
8.03832991101985,911,1,0.562714047067426,0.00969624360944757,0.95,NA
8.08761122518823,898,1,0.562087416725481,0.00970567322478218,0.95,NA
8.10403832991102,894,1,0.561458683597152,0.00971516007675959,0.95,NA
8.12046543463381,888,1,0.560826410304813,0.00972477233692494,0.95,NA
8.25462012320328,857,1,0.560172003758366,0.00973541838247579,0.95,NA
8.26557152635181,850,1,0.559512977871592,0.00974624535354521,0.95,NA
8.28199863107461,846,1,0.558851615013588,0.00975713861893489,0.95,NA
8.2984257357974,844,1,0.558189468550301,0.00976801973613141,0.95,NA
8.3668720054757,831,1,0.557517760405235,0.00977933328655217,0.95,NA
8.48459958932238,807,1,0.556826908161858,0.00979158706533016,0.95,NA
8.57221081451061,786,2,0.555410045800123,0.00981779400029435,0.95,NA
8.65434633812457,768,1,0.55468685563632,0.00983160985006272,0.95,NA
8.6570841889117,767,1,0.553963665472518,0.00984535374204537,0.95,NA
8.81314168377823,735,1,0.553209973410651,0.00986076522390436,0.95,NA
8.84325804243669,724,1,0.552445871237432,0.00987670582169639,0.95,NA
8.84599589322382,723,1,0.551681769064213,0.00989255796670777,0.95,NA
8.95824777549624,690,1,0.550882230268467,0.00991047851948473,0.95,NA
8.96919917864476,685,1,0.550078022633039,0.0099285866513965,0.95,NA
9.05133470225873,666,1,0.549252079656113,0.00994797397037971,0.95,NA
9.08145106091718,659,1,0.54841861671278,0.00996773193271057,0.95,NA
9.08692676249144,655,1,0.547581336381921,0.00998761750420531,0.95,NA
9.11430527036276,649,1,0.546737605509221,0.0100078030269296,0.95,NA
9.13894592744695,646,1,0.545891262466638,0.0100280341185476,0.95,NA
9.22929500342231,632,1,0.545027510469064,0.0100492972182708,0.95,NA
9.29774127310062,616,1,0.544142725549471,0.010071858313672,0.95,NA
9.44284736481862,589,1,0.543218883910168,0.0100970391950376,0.95,NA
9.45379876796714,585,1,0.542290304621433,0.0101223878736053,0.95,NA
9.59616700889801,558,1,0.54131845819738,0.0101507934781284,0.95,NA
9.60164271047228,555,1,0.540343109624051,0.0101792545515951,0.95,NA
9.70020533880903,544,1,0.539349831849007,0.0102088890100996,0.95,NA
9.71115674195756,542,1,0.538354721458142,0.0102384376935018,0.95,NA
9.74674880219028,534,1,0.537346566549044,0.0102687799537487,0.95,NA
9.74948665297741,532,1,0.536336516611922,0.0102990328216357,0.95,NA
9.81519507186858,520,1,0.535305100233822,0.0103307444763233,0.95,NA
9.9192334017796,501,1,0.534236626979862,0.0103652312070559,0.95,NA
9.94387405886379,494,1,0.53315517631796,0.01040051222542,0.95,NA
9.99315537303217,483,1,0.532051335373202,0.0104373918554633,0.95,NA
10.0451745379877,471,1,0.53092171470362,0.0104761818822918,0.95,NA
10.0807665982204,462,1,0.529772533502963,0.0105163468025743,0.95,NA
10.1081451060917,457,1,0.528613293823525,0.0105570345103259,0.95,NA
10.113620807666,456,1,0.527454054144088,0.0105973384953929,0.95,NA
10.1300479123888,455,1,0.52629481446465,0.0106372631194866,0.95,NA
10.135523613963,453,1,0.525133015757222,0.0106770384533463,0.95,NA
10.217659137577,427,1,0.523903196048189,0.0107226272886896,0.95,NA
10.3490759753593,396,1,0.522580208179381,0.010776857873667,0.95,NA
10.3901437371663,385,1,0.521222856989304,0.0108340083917225,0.95,NA
10.3983572895277,384,1,0.519865505799228,0.0108904915499656,0.95,NA
10.4010951403149,383,1,0.518508154609152,0.0109463176791602,0.95,NA
10.5106091718001,360,1,0.517067854179682,0.0110102598129374,0.95,NA
10.5379876796715,355,1,0.515611325012978,0.0110751669023929,0.95,NA
10.6365503080082,341,1,0.514099268341386,0.0111454285649651,0.95,NA
10.8884325804244,299,1,0.512379872795094,0.0112399952927399,0.95,NA
10.9924709103354,283,1,0.510569343209246,0.0113451602652261,0.95,NA
11.0198494182067,280,1,0.508745881269212,0.0114502430294012,0.95,NA
11.0390143737166,273,1,0.506882343242585,0.0115589523371462,0.95,NA
11.0417522245038,272,1,0.505018805215958,0.0116657091329654,0.95,NA
11.088295687885,264,1,0.503105855196201,0.0117773198628407,0.95,NA
11.1594798083504,253,1,0.501117294503726,0.0118974656761576,0.95,NA
11.3292265571526,236,1,0.498993916137184,0.0120350441719266,0.95,NA
11.4688569472964,214,1,0.496662168865515,0.0122025990400321,0.95,NA
12.0766598220397,166,1,0.493670228089217,0.0124905001299669,0.95,NA
12.5667351129363,127,1,0.489783060938908,0.0129829298156523,0.95,NA
13.3607118412047,86,1,0.484087909067526,0.0140255818245184,0.95,NA
13.4017796030116,85,1,0.478392757196143,0.0149722646333174,0.95,NA
13.6125941136208,71,1,0.471654831038451,0.0162067511573704,0.95,NA
13.6427104722793,69,1,0.464819253777024,0.0173536334736786,0.95,NA
15.0034223134839,26,1,0.446941590170215,0.0242022093023194,0.95,NA
